temp_x,hum_x,light_x,vol_x,temp_y,hum_y,light_y,vol_y,temp_x.1,hum_x.1,light_x.1,vol_x.1,vol_y.1,temp,hum,light,vol
0.717277486911,0.321694764181,1.0,1.0,0.60382916053,0.287075963778,1.0,0.707704898866,0.520863309353,0.340928919275,1.0,0.770761326483,1.0,0.634390651085,0.334089139297,1.0,1.0
0.123909249564,0.86463247837,0.183098591549,0.0,0.0898379970545,0.866049571034,0.112,0.0,0.0618705035971,0.891570565188,0.289855072464,0.10723960766,0.769410767958,0.0684474123539,0.90076802101,0.228215767635,0.246775580396
0.0,1.0,0.183098591549,0.0,0.0,1.0,0.112,0.0,0.0,1.0,0.289855072464,0.0,0.725657111734,0.0,1.0,0.228215767635,0.0
1.0,0.485477401607,0.633802816901,1.0,1.0,0.287075963778,0.68,1.0,1.0,0.239082501864,0.710144927536,1.0,0.791580094003,1.0,0.400111462294,0.767634854772,1.0
0.401396160558,0.0,0.0,0.0,0.318114874816,0.0,0.0,0.139015550099,0.253237410072,0.0,0.0,0.215319943951,0.217800012103,0.317195325543,0.0,0.0,0.0
0.766143106457,0.263181755313,0.69014084507,0.1965,0.727540500736,0.151994523524,0.632,0.420788027593,0.576978417266,0.280444472645,0.536231884058,0.434563288183,0.0,0.844741235392,0.166544516208,0.601659751037,0.495485812554
